{
	"info": {
		"_postman_id": "b2ca8f68-9eb4-4139-b6fd-8987aa3437b5",
		"name": "ThanachartExam",
		"schema": "https://schema.getpostman.com/json/collection/v2.1.0/collection.json",
		"_exporter_id": "27397808"
	},
	"item": [
		{
			"name": "GetListProduct",
			"request": {
				"method": "POST",
				"header": [],
				"body": {
					"mode": "raw",
					"raw": "{\r\n  \"deviceInfo\": \"string\",\r\n  \"transactionDate\": \"2023-05-27T05:06:57.250Z\",\r\n  \"data\": {\r\n    \"productCode\": \"\"\r\n  }\r\n}",
					"options": {
						"raw": {
							"language": "json"
						}
					}
				},
				"url": {
					"raw": "http://localhost:5205/api/Product/GetListProduct",
					"protocol": "http",
					"host": [
						"localhost"
					],
					"port": "5205",
					"path": [
						"api",
						"Product",
						"GetListProduct"
					]
				}
			},
			"response": []
		},
		{
			"name": "CreateTransaction",
			"request": {
				"method": "POST",
				"header": [],
				"body": {
					"mode": "raw",
					"raw": "{\r\n  \"deviceInfo\": \"ITDEV\",\r\n  \"transactionId\": \"12345\",\r\n  \"transactionDate\": \"2023-05-27T03:56:19.187Z\",\r\n  \"totalAmount\": \"string\",\r\n  \"listProduct\": [\r\n    {\r\n      \"productCode\": \"10001\",\r\n      \"quantity\": 1\r\n    },\r\n    {\r\n      \"productCode\": \"10002\",\r\n      \"quantity\": 2\r\n    }\r\n  ]\r\n}",
					"options": {
						"raw": {
							"language": "json"
						}
					}
				},
				"url": {
					"raw": "http://localhost:5205/api/Transaction/CreateTransaction",
					"protocol": "http",
					"host": [
						"localhost"
					],
					"port": "5205",
					"path": [
						"api",
						"Transaction",
						"CreateTransaction"
					]
				}
			},
			"response": []
		}
	]
}